,Annualised Mean Return,Annualised Volatility,Sharpe Ratio
EW_excess,0.100523345,0.18822634785790804,0.5340556523780879
VW_excess,0.21576423602112194,0.19713857620899458,1.0944800361770979
